ratio,size_min,size_max
0.834489433779642,0,9
0.129018004306445,10,49
0.027066076576166,50,199
0.009426485337747,200,1000
