ratio,size_min,size_max
0.778532842256952,1,9
0.171901116625764,10,49
0.041003902521095,50,199
0.00856213859619,200,400
