ratio,size_min,size_max
0.191412708972848,0,1
0.20099521069443,2,9
0.069097501857753,10,19
0.077378215079115,20,49
0.131041002836234,50,249
0.330075360559621,250,1000
